id,first_name,last_name,email,ip_address
1,Susanne,Planke,splanke0@elegantthemes.com,163.217.232.163
2,Ibby,Menaul,imenaul1@usatoday.com,125.60.107.179
3,Val,Spary,vspary2@behance.net,34.87.169.66
4,Modestine,Beceril,mbeceril3@comcast.net,60.81.98.246
5,Martica,Bagguley,mbagguley4@nasa.gov,40.46.90.108
6,Diarmid,Hulke,dhulke5@livejournal.com,152.169.33.124
7,Cati,Mizzi,cmizzi6@shareasale.com,159.107.149.111
8,Kyle,Baumert,kbaumert7@tripadvisor.com,131.63.134.221
9,Chevalier,Schleicher,cschleicher8@moonfruit.com,223.165.230.240